"X","COUNTRY","CITY","NAME","SYSTEM","OPERATOR","LAUNCHED","DISCONTINUED","STATIONS","BICYCLES","DAILY.RIDERSHIP"
1,"Albania","Tirana[5]","Ecovolis","","","March 2011","","8","200",""
2,"Argentina","Buenos Aires[6][7]","Ecobici","Serttel Brasil[8]","Bike In Baires Consortium[9]","2010","","400","4000","21917"
3,"Argentina","Mendoza[10]","Metrobici","","","2014","","2","40",""
4,"Argentina","Rosario","Mi Bici Tu Bici[11]","","","2 December 2015","","47","480",""
5,"Argentina","San Lorenzo, Santa Fe","Biciudad","Biciudad","","27 November 2016","","8","80",""
6,"Australia","Melbourne[12]","Melbourne Bike Share","PBSC & 8D","Motivate","June 2010","30 November 2019[13]","53","676",""
7,"Australia","Melbourne[12]","oBike","4 Gen. oBike","","July 2017","July 2018","dockless","1250",""
8,"Australia","Brisbane[14][15]","CityCycle","3 Gen. Cyclocity","JCDecaux","September 2010","","150","2000",""
9,"Australia","Sydney","oBike","4 Gen. oBike","","July 2017","July 2018","dockless","1250",""
10,"Australia","Sydney","Ofo","4 Gen. Ofo","","October 2017","","dockless","600",""
11,"Australia","Sydney","Reddy Go","Reddy Go","","July 2017","","","2000",""
12,"Austria","Burgenland","LEIHRADL nextbike","3 Gen. nextbike","","2009","","40","",""
13,"Austria","Lower Austria[16]","LEIHRADL nextbike","3 Gen. nextbike","","2009","","295","1300",""
14,"Austria","Salzburg","nextbike","3 Gen. nextbike","","2011","","","",""
15,"Austria","Vienna","Citybike Wien[17]","3 Gen. Cyclocity","JCDecaux Gewista","June 2003","","121","1500","2800[18]"
16,"Austria","Vienna","Viennabike","2 Gen.","Association and city council","April 2002","November 2002","200","1500",""
17,"Austria","Vorarlberg","","3 Gen. nextbike","","2009","","14","70",""
18,"Bangladesh","Dhaka","JoBike","JoBike","","2018","","05","300",""
19,"Belgium","Different locations[19]","dBlue-bike","Blue-bike","Blue-Mobility","1 May 2011","","70 (2021)[20]","1790 (2019)[21]",""
20,"Belgium","Antwerp","Velo Antwerp[22]","3 Gen. Clear CC","Service2Cities (subsidiary of Clear Channel Belgium)","9 June 2011","","305 (2021)","4200 (2021)","7010[23]"
21,"Belgium","Brussels[24]","Villo!","3 Gen. Cyclocity","JCDecaux","19 May 2009 (earlier system since 2006)","","346","4115[25]",""
22,"Belgium","Namur[26]","Libiavelo","3 Gen. Cyclocity","JCDecaux","21 April 2012","","24","200",""
23,"Bosnia and Herzegovina[citation needed]","Banja Luka","BL bike","3 Gen.nextbike","nextbike","3 April 2018","","5","30",""
24,"Bosnia and Herzegovina[citation needed]","Mostar","nextbike","3 Gen.nextbike","","26 March 2023","","10","50",""
25,"Bosnia and Herzegovina[citation needed]","Sarajevo","nextbike","3 Gen.nextbike","","1 June 2016","","20","150",""
26,"Bosnia and Herzegovina[citation needed]","Tuzla","nextbike","3 Gen.
nextbike","","14 July 2017","1 May 2019","3","20",""
27,"Bosnia and Herzegovina[citation needed]","Zenica","nextbike","3 Gen.nextbike","","11 October 2019","","15","60",""
28,"Brazil","Belo Horizonte[27]","Bikebh","Mobilicidade","","2014","","40","400",""
29,"Brazil","Fortaleza","Bicicletar","Mobilicidade","","15 December 2014","","80","800",""
30,"Brazil","João Pessoa[28]","SAMBA","Mobilicidade","","","","3","20",""
31,"Brazil","(Pedro de) Toledo[29]","Toopedalando","Toopedalando","","2011","","6","60",""
32,"Brazil","Rio de Janeiro[30]","Bike Rio","tembici","","2011","","60","300",""
33,"Brazil","Salvador[31]","Bike Salvador","tembici","","2013","","23","",""
34,"Brazil","São Paulo[32]","Bikesampa","tembici","","2012","","241","600",""
35,"Brazil","Sorocaba[33]","Integrabike","tembici","","2012","","15","120",""
36,"Bulgaria","Burgas","VeloBurgas","Mobilicidade","","2012","","10","120",""
37,"Canada","Hamilton[34]","Hamilton Bike Share","Social Bicycles","","20 March 2015","","100","750",""
38,"Canada","Kitchener, Ontario[35][36]","Community Access Bicycles","Community Access Bicycles","","2011, relaunched 21 August 2013","","7","65",""
39,"Canada","Montreal[37]","BIXI Montréal","PBSC & 8D","","2009","","794","7270 (regular)  2395 (electric)[38]",""
40,"Canada","Quebec City[39]","àVélo","PBSC","","9 July 2021","","74 (2023)","780 (2023)",""
41,"Canada","Toronto[40]","Bike Share Toronto","PBSC","Motivate","2011","","786","7100","15600"
42,"Canada","Vancouver","Mobi","3 Gen. CycleHop","","20 July 2016","","220","2200",""
43,"Canada","Victoria[41]","U-Bicycle","","","September 2017","2020[42]","initially 150","",""
44,"Chile","Santiago","Bikesantiago","3 Gen. B-Cycle","","2013","","53","",""
45,"China","Anqiu","Anqiu Public Bicycle","","","December 2013","","95","2280",""
46,"China","Baoji","Baoji Public Bicycle Service","","","September 2013","","100","2000",""
47,"China","Beijing","","","","2012","","508","16000",""
48,"China","Changzhou","Changzhou Public Bicycle","","","","","","",""
49,"China","Chengdu (Jinniu District)[43]","–","Shanghai Forever Bicycle Co.","","June 2010","","156","1500",""
50,"China","Chengdu (Gaoxin District [zh])[44]","–","","","December 2010","","72","1200",""
51,"China","Foshan","","","","August 2010","","208","11694",""
52,"China","Fuzhou","Fuzhou Public Bicycle","","","June 2011","","59","1400",""
53,"China","Guangzhou[45][46]","GZ-Public Bicycle","","","June 2010","","50","4840",""
54,"China","Haikou","","","","April 2013","","105","3000",""
55,"China","Haining","Haining Public Bicycle","","","October 2012","","100","2200",""
56,"China","Hangzhou[47][48]","Hangzhou Public Bicycle","","","October 2008","","2965","78000",""
57,"China","Heihe","","","","May 2012","","62","2230",""
58,"China","Heze","","","","April 2014","","100","2000",""
59,"China","Hohhot","","","","October 2013","","112","5100",""
60,"China","Huaian[49]","Huaian Public Bicycle","","","October 2013","","335","7000",""
61,"China","Huaibei","Huaibei Public Bicycle","","","April 2014","","100","3000",""
62,"China","Huangyan","Huangyan Public Bicycle","","","January 2012","","93","2500",""
63,"China","Huizhou","Guangzhou Huimin","","","April 2012","","100","10000",""
64,"China","Huzhou","Huzhou Public Bicycle","","","December 2013","","85","",""
65,"China","Jiangyin","","","","November 2008","","23","700",""
66,"China","Jiaxing","Jiaxing Public Bicycle","","","December 2011","","334","7800",""
67,"China","Jinhua","Jinhua Orange Public Bicycle Service","","","October 2013","","100","3000",""
68,"China","Jiujiang","","","","February 2014","","6","120",""
69,"China","Jiyuan","","","","September 2013","","32","500",""
70,"China","Kaixian","","","","January 2011","","58","1600",""
71,"China","Kunshan[50]","","Forever Bicycle","","September 2010","","745","20000",""
72,"China","Lanxi","China","","","July 2014","","50","1500",""
73,"China","Lanzhou","Lanzhou Public Bicycle","","","June 2014","","111","2000",""
74,"China","Lhasa","","","","November 2013","","15","242",""
75,"China","Linhai","","","","June 2011","","82","2700",""
76,"China","Lishui","","","","February 2013","","26","800",""
77,"China","Luoyang","Luoyang Public Bicycle","","","25 May 2013","","35","1000",""
78,"China","Maanshan","Maanshan Public Bicycle","","","","","","",""
79,"China","Nanning","","","","December 2013","","50","1000",""
80,"China","Nantong[51]","Nantong Economic and Technological Development Area Public Bicycle","Forever Publicbike Intelligent Systems","","1 January 2013","","182","3800",""
81,"China","Ningbo","Ningbo Public Bicycle","","","September 2013","","600","15000",""
82,"China","Qingzhou","","","","2010","","550","10300",""
83,"China","Shanghai[52][53][54][55]","","Forever Bicycle","","March 2009","","596","19165",""
84,"China","Shaoxing[56]","Shaoxing Public Bicycle","","","15 June 2011","","204","9000",""
85,"China","Shenzhen / Shekou / Xiaomeisha","Shenzhen City Bicycle Public","Forever Bicycle","","September 2010","","16","350",""
86,"China","Suzhou","","","","2010","","976","22940",""
87,"China","Taiyuan","","","","September 2012","","1262","41000",""
88,"China","Taizhou, Jiangsu[57]","","","","2014","","80","2000",""
89,"China","Taizhou, Jiangsu[57]","China","","","2010","","200","13000",""
90,"China","Weifang","Weifang Public Bicycle","","","October 2013","","735","20000",""
91,"China","Wuhu","","","","2012","","553","12000",""
92,"China","Wuxi","Wuxibike","","","January 2010","","27","1500",""
93,"China","Xi'an","Xianbicycle","","","April 2011","","900","20000",""
94,"China","Xuzhou","","","","September 2012","","480","18000",""
95,"China","Yangzhou","","","","March 2014","","140","5000",""
96,"China","Yantai","","","","August 2010","","110","6000",""
97,"China","Yiwu","","","","October 2013","","52","1000",""
98,"China","Yixing","Yixing Public Bicycle","","","December 2012","","148","3600",""
99,"China","Yueyang","","","","April 2014","","210","5000",""
100,"China","Zhangjiagang","Forever Bicycle","Forever Bicycle","","June 2010","","152","3200",""
101,"China","Zhenjiang[58]","Zhenjiang Public Bicycle","","","1 April 2013","","80","2000",""
102,"China","Zhijin","","","","June 2014","","30","1000",""
103,"China","Zhongshan","","","","2010","","527","11180",""
104,"China","Zhuhai","","","","December 2012","","195","5000",""
105,"China","Zhuzhou","","Foshan Tianzhou","","May 2011","","1005","20000",""
106,"Colombia","Medellin[59]","EnCicla","3 Gen (formally 0 Gen)","The Metropolitan Area of Aburra Valley[60]","2011","","50","1400",""
107,"Croatia","Zagreb[61]","nextbike","3 Gen. nextbike","","May 2013","","21","100",""
108,"Cyprus","Limassol[62]","nextbike Cyprus","3 Gen. nextbike","","May 2012","","13","170",""
109,"Cyprus","Pissouri[63]","e-asyGo.com Cyprus","own pedelecs","","April 2019","","3","10",""
110,"Cyprus","Nicosia[64]","EasyBike","EasyBike[65]","EasyBike","October 2011","","27","315",""
111,"Cyprus","Limassol, Nicosia District","Bike in Action","3 Gen. Smoove","","","","27","310[66]",""
112,"Czechia","Brno","Rekola","4 Gen.","","2014  [67]","","","50",""
113,"Czechia","České Budějovice","Rekola","4 Gen.","","2015  [68]","","","100",""
114,"Czechia","Frýdek-Místek","Rekola","4 Gen.","","2018  [69]","","","80",""
115,"Czechia","Hradec Králové","Rekola","4 Gen.","","2015  [70]","2016","","",""
116,"Czechia","Kladno","Rekola","4 Gen.","","2017  [71]","2017","","80",""
117,"Czechia","Liberec","Rekola","4 Gen.","","2018 [72]","","","100",""
118,"Czechia","Pardubice","Rekola","4 Gen.","","2014","2016","","",""
119,"Czechia","Prague","Rekola","4 Gen.[73]","","2013  [74]","","","500","4,700[75][non-primary source needed]"
120,"Czechia","Prague","Freebike","","HomePort","","","","500[76]",""
121,"Czechia","Prague 4 and Brno","Velonet","","Velonet","9 October 2016[77]","2020[78]","","",""
122,"Czechia","Prague 7","Ofo","4 Gen. Ofo","Ofo","2017","Discontinued","","[79]",""
123,"Czechia","Prostějov","Nextbike","3 Gen. nextbike","Nextbike","2019","","","180[80]",""
124,"Czechia","Olomouc","Rekola","4 Gen.","","2014  [81]","","","70",""
125,"Czechia","Ostrava","Rekola","4 Gen.","","2018 [82]","","","180",""
126,"Czechia","Ostrava","Nextbike","3 Gen. nextbike","Nextbike","2019","","","600[83]",""
127,"Czechia","Teplice","Rekola","4 Gen.","","2017  [84]","","","40",""
128,"Denmark","Aarhus","Aarhus City Bikes","2 Gen","Aarhus Municipality","March 2004","","52","450",""
129,"Denmark","Århus","Bycyklen","2 Gen","","May 2007","","57","400",""
130,"Denmark","Copenhagen","Bycyklen","Gobike","","16 August 2013[85]","","105","1860",""
131,"Denmark","Copenhagen","Bycykler København","2 Gen","","1995","October 2012  [86][87][88]Copenhagen municipality changed its mind and a new version was introduced in late 2013.[89]","110","initially 800 (later 2500)",""
132,"Denmark","Farsø","","2 Gen","","1991","","","[90]",""
133,"Ecuador","Quito","BiciQ","BiciQ","","2012","","25","425",""
134,"Emirates","Abu Dhabi[91]","ADCB Bikeshare","8D","Cyacle","December 2014","","11","75",""
135,"Estonia","Tartu[92]","Bike Share","","Tartu linn","June 2019","","100","750",""
136,"Finland","Espoo","Kaupunkipyörä","CityBike Finland","HSL","2017","","110","3520",""
137,"Finland","Hamina","Kaakau","Donkey Republic","Kaakau","2019","","","20",""
138,"Finland","Helsinki","Helsinki City Bikes","3 Gen. Smoove","Helsinki City Transport (HKL)","May 2017  [93][94]","","345","3450",""
139,"Finland","Helsinki","Helsinki City Bikes","2 Gen.","Helsinki City Transport (HKL)","2000","2010  [95]","","",""
140,"Finland","Hyvinkää","Kaakau","Donkey Republic","Kaakau","2020","2021 [96]","20","60",""
141,"Finland","Iisalmi","Kaakau","Donkey Republic","Kaakau","2019","","5","40",""
142,"Finland","Imatra","Kaakau","Donkey Republic","Kaakau","2018","","20(2022) [97]","",""
143,"Finland","Kotka","Kaakau","Donkey Republic","Kaakau","2018","","40","90",""
144,"Finland","Kouvola","Kaakau","Donkey Republic","Kaakau","2018","","","60(regular) 10(electric)(2022)[98]",""
145,"Finland","Kuopio","Vilkku-fillarit","Freebike","City of Kuopio","2019","","35","350(2022) [99]",""
146,"Finland","Lahti","Mankeli","Freebike","","2022","","31 (2022) [100]","250 (2022) [100]",""
147,"Finland","Lappeenranta","Kaakau","Donkey Republic","Kaakau","2019","","30(2022)[101]","120(2022)[101]",""
148,"Finland","Mikkeli","Kaakau","Donkey Republic","Kaakau","2021","2021[102]","7","30",""
149,"Finland","Mäntsälä","Mäntsälä-pyörä","Donkey Republic","Kaakau","2019","","7(2022) [103]","",""
150,"Finland","Oulu","Sykkeli","","Nextbike Polska","2019","2019[104]","60","600",""
151,"Finland","Pori","Rolanbike Pori","Rolanbike","Rolanbike","2021","","12","50 (2022) [105]",""
152,"Finland","Porvoo","Kaakau","Donkey Republic","Kaakau","2020","","25","100",""
153,"Finland","Raseborg","Kaakau","Donkey Republic","Kaakau","2020","","7 (2022) [106]","30 (2022) [106]",""
154,"Finland","Riihimäki","Kaakau","Donkey Republic","Kaakau","2020","","20","60 (2022)  [107]",""
155,"Finland","Rauma","Easybike","Easybike","Easybike","2019","","13","50",""
156,"Finland","Seinäjoki","Easybike","Easybike","Easybike","2020","","14","50",""
157,"Finland","Tampere","Sale-Pyörä","CityBike Global","Nysse","2021","","95 (2022)[108]","700 (2022)[108]",""
158,"Finland","Turku","Föli-Fillarit","Nextbike","Föli","2018","","70 (2022) [109]","700 (2022) [109]",""
159,"Finland","Vaasa","Rekola[110]","4 Gen.","","2018","","","60",""
160,"Finland","Vantaa","Kaupunkipyörä","CityBike","HSL","2019","","120(2022)[111]","1000",""
161,"Finland","Varkaus","Juro","Juro","Juro Sharing Infra","2021","","5 (2022) [112]","20 (2022) [112]",""
162,"France","Amiens[113]","Vélam","3 Gen. Cyclocity","","February 2008","","26","250","376[114]"
163,"France","Angers[115]","VéloCité","3 Gen. Cyclocity","","2004","","","",""
164,"France","Avignon[116]","Vélopop'","3 Gen. Smoove","","July 2009","","17","200",""
165,"France","Belfort","Optymo","3 Gen. Smoove","","May 2013","","21","200",""
166,"France","Besançon[117]","VéloCité","3 Gen. Cyclocity","","September 2007","","30","200","380[114]"
167,"France","Bordeaux","VCUB","Keolis","","February 2010","","139","1545",""
168,"France","Caen","V'eol","3 Gen. Clear CC","","March 2008","","40","350",""
169,"France","Calais","Vel'in","OYBike","","July 2010","","37","160",""
170,"France","Cergy-Pontoise[118]","VélO2","Cyclocity","JCDecaux","March 2009","","42","320",""
171,"France","Chalon-sur-Saône","Réflex","3 Gen. Smoove","Transdev","December 2007","","14","100",""
172,"France","Clermont-Ferrand","C.Vélo","3 Gen. Smoove","SMTC","June 2013","","10 (22)","100 (220)",""
173,"France","Créteil[119]","Cristolib","3 Gen. Cyclocity","JCDecaux","April 2010","","10","75",""
174,"France","Dijon","Velodi","3 Gen. Clear CC","","February 2008","","39","400",""
175,"France","Dunkirk","Dk'vélo","Veolia","","2013","","20","200",""
176,"France","Grenoble","Métrovélo","3 Gen. Smoove","","2006","","16","1250",""
177,"France","La Rochelle","Yélo","Homeport","","February 2010","","63","300",""
178,"France","La Rochelle","Vélos Jaunes","Zero Generation","","1974","Discontinued","","",""
179,"France","Lille","V'Lille","Keolis","","2011","","215","1100",""
180,"France","Lyon[120]","Vélo'v","3 Gen. Cyclocity","","19 May 2005  [121][122]","","348","4000",""
181,"France","Marseille[123]","Le vélo","3 Gen. Cyclocity","","2007","","122","672",""
182,"France","Montpellier","Vélomagg'","3 Gen. Smoove","","June 2007","","52","2414",""
183,"France","Mulhouse[124]","VéloCité","3 Gen. Cyclocity","","15 September 2007","","40","240",""
184,"France","Nancy[125]","VélOstan","3 Gen. Cyclocity","JCDecaux","27 September 2009","","29","250","675[114]"
185,"France","Nantes[126]","Bicloo","3 Gen. Cyclocity","","May 2008","","103","885","3640[114]"
186,"France","Nice","Vélo Bleu","OYBike","","July 2009","","175","1750",""
187,"France","Orléans","Vélo'+","EFFIA","","June 2007","","33","300",""
188,"France","Paris[127]","Vélib'","3 Gen. Cyclocity","JCDecaux","15 July 2007","31 December 2017","1229","14500","105000 (2017[128]"
189,"France","Grand Paris[129]","Vélib' Métropole","3 Gen. Smoove","Smovengo[130]","1 January 2018  [131]","","1360","10500","150000 [128]"
190,"France","Pau","IDEcycle","","","","","20","220",""
191,"France","Perpignan","BIP!","3 Gen. Clear CC","","February 2008","","15","150",""
192,"France","Poitiers","Cap'Vélo","","","September 2007","","","360",""
193,"France","Rennes[132]","LE vélo STAR","3 Gen. Clear CC","","June 1998","","82","800",""
194,"France","Rouen[133]","Cy'clic","3 Gen. Cyclocity","","December 2007","","21","190",""
195,"France","St. Etienne","Vélivert formerly Vélo Vert","3 Gen. Smoove","","26 June 2010","","30","700",""
196,"France","Strasbourg","Vélhop","3 Gen. Smoove","","October 2010","","4","1852",""
197,"France","Toulouse[134]","VélôToulouse","3 Gen. Cyclocity","","16 November 2007","","280","2465",""
198,"France","Valence, Drôme[135]","Libélo","3 Gen. Smoove","Transdev","March 2010","","20","380",""
199,"France","Vannes","Vélocéa","OYBike","","June 2009","","20","174",""
200,"Georgia","Batumi","BatumVelo[136]","3 Gen. SmooveKey[137]","Batumi Avtotransporti[138]","May 2013","","24[138]","370[138]",""
201,"Germany","Aachen","Velocity [139]","3 Gen.","","27 June 2008","","46","",""
202,"Germany","Aschaffenburg","nextbike","3 Gen.","","","","4","",""
203,"Germany","Aschaffenburg","Call a Bike","3 Call a Bike","","","","","",""
204,"Germany","Baden-Baden","Call a Bike","3 & 4 Gen. Call a Bike flex","","","","","",""
205,"Germany","Berlin","Call a Bike  [140]","3 & 4 Gen. Call a Bike flex","","March 2003","2016","dockless","",""
206,"Germany","Berlin","LIDL-BIKES - Call a Bike  [140]","3 & 4 Gen. Call a Bike flex","","March 2017","","350 & dockless","3500",""
207,"Germany","Berlin","nextbike","3 Gen. nextbike","","2009","","500","300",""
208,"Germany","Berlin","Ofo","4 Gen. Ofo","","October 2016","August 2018","","",""
209,"Germany","Berlin","Donkey Republic Berlin  [141]","4 Gen.","","April 2017","","","600",""
210,"Germany","Berlin","Mobike  [142]","4 Gen.","","November 2017","","","700",""
211,"Germany","Berlin","fLotte  [143]","0. Gen","Freie Lastenräder [144]","March 2018","","","12",""
212,"Germany","Berlin","LimeBike[145]","4 Gen.","","April 2018","","","500",""
213,"Germany","Berlin","Jump Bikes[146]","4 Gen.","Jump Bikes","November 2018","","","100",""
214,"Germany","Bielefeld","nextbike","3 Gen. nextbike","","2009","","10","",""
215,"Germany","Bochum","metropolradruhr","3 Gen. nextbike","","2010","","6","30",""
216,"Germany","Bonn","nextbike","3 & 4 Gen. Call a Bike flex","","October 2018","","15 & dockless  [147]","500",""
217,"Germany","Bottrop","metropolradruhr","3 Gen. nextbike","","2010","","15","",""
218,"Germany","Bremen","LimeBike[148]","4 Gen.","","March 2018","","","500",""
219,"Germany","Coburg","nextbike","3 Gen. nextbike","","2009","","5","",""
220,"Germany","Cologne","Call a Bike","3 & 4 Gen. Call a Bike flex","","March 2000","","dockless","",""
221,"Germany","Ruhr Area, Dortmund","metropolradruhr","3 Gen. nextbike","","2010","","27","",""
222,"Germany","Darmstadt","Call a Bike","3 & 4 Gen. Call a Bike flex","","2014","","30","350 [149]",""
223,"Germany","Dresden","nextbike branded SZ-Bike since 2017[150]","3 Gen. nextbike","DVB [151]","2005","","30+","500",""
224,"Germany","Duisburg","metropolradruhr  nextbike","3 Gen.","","September 2010","","14","",""
225,"Germany","Düsseldorf[152]","nextbike","3 Gen. nextbike","","2008","","45","400",""
226,"Germany","Düsseldorf[152]","Flexbeee [153]","4 Gen.","","July 2018","","","400",""
227,"Germany","Düsseldorf[152]","Mobike  [154]","4 Gen.","","30 May 2018","","","600",""
228,"Germany","Düsseldorf[152]","Call a Bike branded FordPass Bike[155]","3 Gen. Call a Bike","","October 2017","","135","1200",""
229,"Germany","Dortmund","metropolradruhr","3 Gen. nextbike","","July 2008","","55","400",""
230,"Germany","Dreieich","Byke","4 Gen.","","October 2017","","","100",""
231,"Germany","Erfurt","nextbike","3 Gen. nextbike","","2009","","10","30",""
232,"Germany","Essen","metropolradruhr","3 Gen. nextbike","","2010","","25","",""
233,"Germany","Flensburg","nextbike","3 Gen. nextbike","","2009","","10","30",""
234,"Germany","Frankfurt am Main","Call a Bike","3 & 4 Gen. Call a Bike flex","","March 2000","","dockless","",""
235,"Germany","Frankfurt am Main","nextbike","3 Gen. nextbike","","2009","","30","300",""
236,"Germany","Frankfurt am Main","Byke [156]","4 Gen.","","October 2017","","","100",""
237,"Germany","Frankfurt am Main","LimeBike[157]","4 Gen.","","January 2018","","","500",""
238,"Germany","Gelsenkirchen","metropolradruhr","3 Gen. nextbike","","2010","","4","",""
239,"Germany","Freiburg im Breisgau","Call a Bike","3 & 4 Gen. Call a Bike flex","","2010","","","",""
240,"Germany","Freiburg im Breisgau","nextbike","3 Gen. nextbike","","2019","","","",""
241,"Germany","Hamburg","StadtRAD Hamburg","3 & 4 Gen. Call a Bike flex","Deutsche Bahn","July 2009","","200","2450",""
242,"Germany","Hamburg","nextbike","3 Gen. nextbike","","2008","","30","250",""
243,"Germany","Hamm","metropolradruhr","3 Gen. nextbike","","2010","","10","50",""
244,"Germany","Hannover","oBike","4 Gen. oBike","","2017","","","500",""
245,"Germany","Herne","metropolradruhr","3 Gen. nextbike","","2010","","7","45",""
246,"Germany","Karlsruhe","","","","","","","",""
247,"Germany","Kassel","Konrad","","","","","","",""
248,"Germany","Leipzig[158]","nextbike","3 Gen. nextbike","","2008","","60","500",""
249,"Germany","Magdeburg","nextbike","3 Gen. nextbike","","2008","","21","100",""
250,"Germany","Mainz","meinRad","","","July 2011","","120","1000",""
251,"Germany","Munich","Call a Bike","4 Gen. Call a Bike flex","","March 2000","","dockless","",""
252,"Germany","Munich","nextbike","3 Gen. nextbike","","2011","","30","3000",""
253,"Germany","Mülheim a. Ruhr","metropolradruhr","3 Gen. nextbike","","2010","","13","65",""
254,"Germany","Münster","tretty","","","August 2020","","dockless","175",""
255,"Germany","Nuremberg","NorisBike","3 Gen. nextbike","","2011","2018","66","750",""
256,"Germany","Nuremberg","Lastenrad für alle","Bluepingu e.V.","","2017","","5","5",""
257,"Germany","Nuremberg","VAG Rad","3 & 4 Gen. nextbike","","2019","","32 &dockless","1500",""
258,"Germany","Oberhausen","metropolradruhr","3 Gen. nextbike","","2010","","8","40",""
259,"Germany","Offenburg","nextbike","3 Gen. nextbike","","2010","","13","86",""
260,"Germany","Potsdam","nextbike","3 Gen. nextbike","","2010","","20","150",""
261,"Germany","Stuttgart","Call a Bike","4 Gen. Call a Bike fix","","June 2007","","64","400",""
262,"Germany","Tübingen","nextbike","3 Gen. nextbike","","2009","","9","50",""
263,"Greece","Aigialeia[159]","Cyclopolis","3 Gen.","","2013","","3","45",""
264,"Greece","Aktio-Vonitsa[159][160]","Cyclopolis","3 Gen.","","2013","","3","35",""
265,"Greece","Ancient Olympia[159][161]","Cyclopolis","3 Gen.","","2013","","4","60",""
266,"Greece","Corfu[162]","EasyBike[163]","3 Gen. Smoove[164][165][166][162]","","November 2010","","8","100[65]",""
267,"Greece","Didymóteicho[159][167]","EasyBike","3 Gen. Smoove","","May 2013","","8","100",""
268,"Greece","East Mani[159][160]","EasyBike","3 Gen. Smoove","","2013","","6","100",""
269,"Greece","Ioannina[168]","EasyBike","3 Gen. Smoove","","September 2012","","2","10",""
270,"Greece","Iraklio[169]","EasyBike","3 Gen. Smoove","","April 2010[170]","","","100",""
271,"Greece","Karditsa[171]","EasyBike","3 Gen. Smoove","","March 2013","","10","60",""
272,"Greece","Kavala[159][172]","EasyBike","3 Gen. Smoove","","2013","","4","52",""
273,"Greece","Keratsini-Drapetsóna[159][173]","EasyBike","3 Gen. Smoove","","November 2012","","6","70",""
274,"Greece","Komotini[159][174]","EasyBike","3 Gen. Smoove","","2013","","6","100",""
275,"Greece","Marathónas[160]","Cyclopolis","3 Gen.","","2013","","4","50",""
276,"Greece","Maroussi[159][175]","Cyclopolis","3 Gen.","","February 2013","","6","70",""
277,"Greece","Moscháto-Távros[176]","Cyclopolis","3 Gen.","","January 2013","","5","60",""
278,"Greece","Náfplion[159][177]","Cyclopolis","3 Gen.","","June 2013","","4","60",""
279,"Greece","Naupactus[159][178]","EasyBike","3 Gen. Smoove","","January 2013","","4","60",""
280,"Greece","Municipality of Nafpaktos[179]municipality bike rental","","0 Gen.","","June 2010","","","",""
281,"Greece","Nea Erithréa[179]municipality bike rental","","0 Gen.","","2010","","","",""
282,"Greece","Nea Smyrni[160]","Cyclopolis","3 Gen.","","2013","","3","40",""
283,"Greece","Salonica[180]","Aristotle University of Thessaloniki Bike","0 Gen.","","May 2012","","","60",""
284,"Greece","Sikyona[159][160]","Cyclopolis","3 Gen.","","2013","","4","24",""
285,"Hungary","Budapest","MOL BuBi","3 Gen.","","April 2014[181]","","126","1526[182]",""
286,"Hungary","Esztergom","EBI","","","20 September 2013[183]","","9","93",""
287,"Hungary","Győr","GyőrBike","","","7 September 2015","","23","180[184]",""
288,"Hungary","Kaposvár","Kapsvári Tekergő[185]","","","27 October 2015","","4","32 (including 6 rollers)  [185]",""
289,"Hungary","Szeged","CityBike Szeged[186]","CityBike Szeged","","1 October 2013[187]","","12","100",""
290,"India","Bengaluru","Namma Cycle","","","2013","","","150",""
291,"India","Mumbai","FreMo, Cycle Chalao","","","2012","","","",""
292,"India","Mysuru","Embarq, India","","","2009","","52","",""
293,"India","New Delhi","Greenolution","","","2007","","7","",""
294,"Indonesia","Bandung[188]","Boseh","Banopolis","","July 2017","","30","350",""
295,"Iran","Shiraz","Bdood","4 Gen. Bdood","","31 December 2019","","91 - Dockless","2000",""
296,"Iran","Tehran","Bdood","4 Gen. Bdood","","18 December 2018","","112 - Dockless","5700",""
297,"Ireland","Cork","Coca-Cola Zero Bikes","","NTA & An Rothar Nua","18 December 2014","","31","320",""
298,"Ireland","Dublin[189][190]","Dublin Bikes","Cyclocity","JCDecaux","September 2009","","102","950",""
299,"Ireland","Galway","Coca-Cola Zero Bikes","","NTA & An Rothar Nua","24 November 2014","","19","205",""
300,"Ireland","Limerick","Coca-Cola Zero Bikes","","NTA & An Rothar Nua","8 December 2014","","23","215",""
301,"Ireland","Waterford  [191]","TFI Bikes","","NTA & An Rothar Nua","4 July 2022","","14","220",""
302,"Israel","Tel Aviv[192]","Tel-O-Fun","","","April 2016","","200+","2000",""
303,"Italy","Alpignano","ToBike","","","","","2","8",""
304,"Italy","Brescia","Bicimia","","","","","65","395",""
305,"Italy","Carugate[193]","Meglio in Bici","","","5 May 2012","","3","30",""
306,"Italy","Cernusco sul Naviglio[193]","Meglio in Bici","","","5 May 2012","","3","40",""
307,"Italy","Collegno","ToBike","","","","","10","35",""
308,"Italy","Druento","ToBike","","","","","1","5",""
309,"Italy","Florence","Ofo","","","2017 [194]","","","",""
310,"Italy","Grugliasco","ToBike","","","","","9","30",""
311,"Italy","Milan","BikeMi[195]","3 Gen. Clear CC","","8 December 2008  [196]","","320[197]","5430 (1000 E)[198]","19000"
312,"Italy","Milan","Mobike","4 Gen.","","30 August 2017","","dockless","8000",""
313,"Italy","Milan","Ofo","4 Gen. Ofo","","20 September 2017","","dockless","4000",""
314,"Italy","Milan","Bitride Sharing","Zehus","","1 March 2018","31 December 2018","dockless","350",""
315,"Italy","Padua","GoodBike Padova","","","","","28","",""
316,"Italy","Padua","Mobike","","","","","dockless","",""
317,"Italy","Pioltello[193]","Meglio in Bici","","","5 May 2012","","2","20",""
318,"Italy","Pisa[193]","Ciclopi","","","May 2013","","15","200",""
319,"Italy","Rimini[199]","Rimini in Bici","","","","","16","",""
320,"Italy","Rome","Roma'n'Bike","","","","","19","200",""
321,"Italy","Turin","ToBike","","","4 March 2011","","184","",""
322,"Italy","Venaria Reale","ToBike","","","","","10","35",""
323,"Japan","Kyoto[200]","Community Cycle","","","","","5","",""
324,"Japan","Toyama, Toyama[201]","Cyclocity Toyama","Cyclocity","JCDecaux","22 March 2010","","17","130",""
325,"Japan","Yokohama","Baybike","","","April 2011","","15","300",""
326,"Kazakhstan","Almaty","Almatybike[202]","3 Gen. Smoove[203]","","June 2016","","300","1700",""
327,"Kazakhstan","Astana","Astanabike[204]","3 Gen. Smoove[205]","","July 2014","","250","1280",""
328,"Kazakhstan","Shymkent","Shymkentbike[206]","3 Gen. Smoove[207]","","July 2016","","40","200",""
329,"Latvia","Riga, Jurmala","BalticBike","","","","","20","",""
330,"Lithuania","Vilnius[208]","CycloCity","3 Gen. Cyclocity","JCDecaux","2013","","37","300",""
331,"Lithuania","Kaunas[209]","CityBee","","CityBee","2016","","26","160",""
332,"Lithuania","Kaunas[209]","Bolt","","Bolt","2022","","dockless","150 E[210]",""
333,"Luxembourg","Luxembourg City[211]","Vel'oh","3 Gen. Cyclocity","","March 2008","","73","680",""
334,"Malaysia","George Town","LinkBike","Fast Rent Bike (PG)","","December 2016","","25","250",""
335,"Mexico","Guadalajara","MIBICI","PBSC","","2014","","","242","2116"
336,"Mexico","Mexico City[212]","Ecobici","3 Gen. Clear CC","","2010","","687","9308","31000"
337,"Mexico","Toluca","","PBSC","","","","","",""
338,"Netherlands","Amsterdam","WhiteBikes","WhiteBikes","Provo","1965","1966","","50",""
339,"Netherlands","Delft, Rotterdam and The Hague","Mobike","4 Gen.","","2018/2019","","","",""
340,"Netherlands","Various Locations (especially railway stations)","OV-fiets","OV-Fiets/Nederlandse Spoorwegen","","2003","","205","21700 [213]","14887"
341,"Netherlands","Various Locations","Bikedispenser","","","2005","","5","500",""
342,"Norway","Drammen","Drammen City Bikes","3 Gen. Clear CC","","2001","","","",""
343,"Norway","Oslo","Oslo Bysykkel","3 Gen. Clear CC","","2003","","106","",""
344,"Norway","Sandnes","","WhiteBikes","volunteers and city council","1996","2002","","225",""
345,"Norway","Sandnes","","3 Gen. Clear CC","","2002","","","",""
346,"Norway","Trondheim","Trondheim City Bikes","Bycykler","","1998","2005","","200",""
347,"Norway","Trondheim","Trondheim City Bikes","3 Gen. Clear CC","","2005","","10","125",""
348,"Poland","Białystok","BiKeR","3 Gen. nextbike","","31 May 2014","","46","460",""
349,"Poland","Grodzisk Mazowiecki","Grodziski Rower Miejski","3 Gen. nextbike","","27 September 2014","","9","60",""
350,"Poland","Juchnowiec Kościelny[214]","Rower Gminny","3 Gen. nextbike","","July 2015","","2","20",""
351,"Poland","Katowice[215]","City by bike","3 Gen. nextbike","","May 2015","","3","40",""
352,"Poland","Konstancin","Konstanciński Rower Miejski","3 Gen. nextbike","","14 June 2014","","5","55",""
353,"Poland","Kraków","LajkBike","","","September 2023","","157","1500",""
354,"Poland","Łódź","Łódzki Rower Publiczny","3 Gen. nextbike","","30 April 2016","","148","1490",""
355,"Poland","Lublin","Lubelski Rower Miejski","3 Gen. nextbike","","19 September 2014","","90","891",""
356,"Poland","Opole","Opole Bike","3 Gen. nextbike","","15 June 2012","","16","164",""
357,"Poland","Poznań[216]","Poznański Rower Miejski","3 Gen. nextbike","","April 2012","","89","973",""
358,"Poland","Rzeszów","RoweRes","","","2010","","16","",""
359,"Poland","Sopot[216]","Rower Trójmiejski","3 Gen. nextbike","","5 September 2013","","8","80",""
360,"Poland","Szczecin[217]","Bike S","3 Gen. nextbike","","2015","","85","724",""
361,"Poland","Toruń","Toruński Rower Miejski (Torvelo)","","","April 2014","","12","120",""
362,"Poland","Warsaw","Bemowo Bike","3 Gen. nextbike","","1 April 2012","","15","140",""
363,"Poland","Warsaw","Veturilo","3 Gen. nextbike","","1 August 2012","","390","5700",""
364,"Poland","Wrocław[218]","Wrocławski Rower Miejski","3 Gen. nextbike","","June 2011","","76","760",""
365,"Portugal","Águeda[219][220]","beÁgueda","3 Gen.","","2011","","15","45",""
366,"Portugal","Alcochete[220]","#Alcochete","3 Gen.","","2021","","2","10",""
367,"Portugal","Alenquer[220]","Alenequer Green Lab","3 Gen.","","2020","","2","6",""
368,"Portugal","Alijó[220]","","3 Gen.","","2022","","3","7",""
369,"Portugal","Alvito[220]","","3 Gen.","","2022","","2","4",""
370,"Portugal","Anadia[221]","b→AND","3 Gen.","","2014","","11","",""
371,"Portugal","Aveiro[222][223][220]","","3 Gen.","","2000","","20","204",""
372,"Portugal","Benavente[224][225]","baGO","3 Gen.","","2024","","4","?",""
373,"Portugal","Bragança[220]","","1 Gen.","","2015","","3","20",""
374,"Portugal","Cascais[226][227]","MobiCascais biCas","1 Gen.","","2016","","5","?",""
375,"Portugal","Caldas da Raínha[220]","Rainhas","3 Gen.","","2021","","4","20",""
376,"Portugal","Covilhã[220]","","3 Gen.","","2022","","21","40",""
377,"Portugal","Entroncamento[228]","BUE","3 Gen.","","2023","","17","86",""
378,"Portugal","Figueira da Foz[229]","Figas","3 Gen.","","2020","","7","60",""
379,"Portugal","Graciosa[220]","","3 Gen.","","2021","","6","15",""
380,"Portugal","Lisbon[230][231]","GIRA","3 Gen.","","2017","","171","1600","12451 max. (2022)[232]"
381,"Portugal","Lousada[220]","Conernélias","3 Gen.","","2022","","3","21",""
382,"Portugal","Mealhada[220]","BipeBipe","3 Gen.","","2021","","4","20",""
383,"Portugal","Mesão Frio[220][233]","MesãoBike","1 Gen.","","2022","","1","4",""
384,"Portugal","Oliveira de Azeméis[234]","","2 Gen.","","2021","","4","30",""
385,"Portugal","Pombal[220][235]","POMBike","3 Gen.","","2022","","7","35",""
386,"Portugal","Santo Tirso[220][236]","Pedala","3 Gen.","","2019","","20","35",""
387,"Portugal","Seia[220][237]","Ginga","3 Gen.","","2020","","4","15",""
388,"Portugal","Torres Vedras[238][239]","Agostinhas","3 Gen.","","5 June 2013","","20","260",""
389,"Portugal","Valença,Monção,Vila Nova de Cerveira,Salvaterra do Minho,Tomiño[220]","e-Bike Rio Minho","3 Gen.","","2022","","9","46",""
390,"Vila do Conde[240]","biConde","3 Gen.","","5 June 2014","","12","60","",NA
391,"Vilamoura[241]","Vilamoura Public Bikes","3 Gen.","","15 July 2012","","43","260","",NA
392,"Romania","Bucharest[242]","Cicloteque","Proprietary","","31 July 2008","","6","400",""
393,"Russia","Almetyevsk","Gobike","","","September 2017[243]","","dockless[244]","45",""
394,"Russia","Kazan","Veli'k","3 Gen. Cyclocity","Russ Outdoor[245]","1 July 2013","","6","120[246]",""
395,"Russia","Moscow","Velobike","Smoove","CityBike","June 2013","","430","4300",""
396,"Russia","Saint-Petersburg","Velogorod","","","July 2014","","96","800","1400"
397,"Serbia","Novi Sad","NS Bike","Parking Servis","","2011","","5","70",""
398,"Slovakia","Bratislava","Whitebikes","Open Source Bike Share","","May 2014","","50","100",""
399,"Slovakia","Bratislava","Slovnaft BAjk","","Slovnaft","7 September 2018[247]","","90","400[248]",""
400,"Slovakia","Bratislava","Verejný bicykel","","Antik Telecom","1 June 2020[249]","","dockless","80[250]",""
401,"Slovakia","Bratislava","Rekola","4 Gen.","Rekola","7 September 2020[251]","","dockless","200",""
402,"Slovakia","Humenné","Verejný bicykel","","Antik Telecom","22 June 2021[252]","","dockless","40",""
403,"Slovakia","Košice","Verejný bicykel","","Antik Telecom","24 April 2019[253]","","dockless","500[254]",""
404,"Slovakia","Krásno nad Kysucou","Verejný bicykel","","Antik Telecom","26 May 2021[255]","","dockless","40",""
405,"Slovakia","Kysucké Nové Mesto","Verejný bicykel","","Antik Telecom","26 May 2021[255]","","dockless","50",""
406,"Slovakia","Moldava nad Bodvou","Verejný bicykel","","Antik Telecom","25 July 2019[256]","","dockless","25[257]",""
407,"Slovakia","Nitra","ARRIVA Bike","nextbike","Arriva","28 July 2017[258]","","14[259]","70",""
408,"Slovakia","Poprad, Spišská Teplica, Svit","Verejný bicykel","","Antik Telecom","8 August 2019[260]14 May 2021[261]","","dockless","150",""
409,"Slovakia","Považská Bystrica","Verejný bicykel","","Antik Telecom","17 June 2022[262]","","dockless","60",""
410,"Slovakia","Prešov, Veľký Šariš","Verejný bicykel","","Antik Telecom","24 June 2020[263]6 July 2021[264]","","dockless","215",""
411,"Slovakia","Sabinov","Verejný bicykel","","Antik Telecom","28 July 2021[265]","","dockless","50",""
412,"Slovakia","Sečovce","Verejný bicykel","","Antik Telecom","30 June 2023[266]","","dockless","20",""
413,"Slovakia","Snina","Verejný bicykel","","Antik Telecom","28 June 2021[252]","","dockless","50",""
414,"Slovakia","Svidník","Verejný bicykel","","Antik Telecom","8 June 2021[267]","","dockless","50",""
415,"Slovakia","Terchová","Verejný horský e-bicykel","","Antik Telecom","28 April 2023[268]","","7 & dockless","60[269]",""
416,"Slovakia","Trebišov","Verejný bicykel","","Antik Telecom","17 July 2019[270]","","dockless","65",""
417,"Slovakia","Trnava","Arboria bike","","City of Trnava","1 March 2019[271]","","dockless","118",""
418,"Slovakia","Vranov nad Topľou","Verejný bicykel","","Antik Telecom","15 June 2022[272]","","dockless","50",""
419,"Slovakia","Žilina","BikeKIA","nextbike","Arriva","29 March 2019[273]","","21","123[274]",""
420,"Slovenia","Celje[275]","KolesCE","","Nomago","13 September 2018","","27[276]","",""
421,"Slovenia","Kamnik","","","","","","","",""
422,"Slovenia","Kranj[277]","KRsKOLESOM","","Mestna občina Kranj","","","26[278]","",""
423,"Slovenia","Ljubljana[279]","Bicike(lj)","Cyclocity","JCDecaux","12 May 2011","","33","215",""
424,"Slovenia","Rogaška Slatina in Podčetrtek","","","","","","","",""
425,"Slovenia","Velenje","BICY","MICikel","","18 September 2012","","9","40",""
426,"South Africa","Orania, Northern Cape[280]","Orania Openbare Fietsprojek","","","16 July 2014","","3","30",""
427,"South Korea","Changwon[281][282]","NUBIJA","","","October 2008","","235","2348[283]",""
428,"South Korea","Daejeon","Tashu","Tashu","Daejeon Metropolitan Government, Daejeon Metropolitan City Facilities Management Corporation","13 October 2008","","304","",""
429,"South Korea","Sejong","Eouling","Eouling & New Eouling","Sejong City Transportation Corporation","28 October 2014","","1055","",""
430,"South Korea","Seoul[284]","Ddareungi","","","15 October 2015","","2500[285]","37500","87000"
431,"Spain","A Coruña","Bicicoruña","","","","","55","514",""
432,"Spain","Barcelona","Bicing","3 Gen. Clear CC","","22 March 2007","","424","6000","28093[286]"
433,"Spain","Córdoba[287]","Eco-bici","3 Gen. Cyclocity","JCDecaux","2003","","4","35",""
434,"Spain","Elche (Elx)","bicielx","","","14 June 2010","","14","200",""
435,"Spain","Gijón","Gijon bici","","","2003 (relaunched in 2023)","","47","250",""
436,"Spain","Girona[288][289]","Girocleta","","","25 September 2009","","10","260",""
437,"Spain","Madrid[290]","BiciMAD","","","May 2014","","123","1580",""
438,"Spain","Málaga, Andalucía","MálagaBici","Cemusa","","2013","","20","400",""
439,"Spain","Murcia, Region of Murcia","Muybici[291]","","","","","","",""
440,"Spain","Palma","Bicipalma","","","28 March 2011","","28","336",""
441,"Spain","Pamplona","n'bici","","","July 2007","","5","101",""
442,"Spain","Santander[292][293]","Tusbic","3 Gen. Cyclocity","","September 2008","","15","180",""
443,"Spain","Seville[294]","Sevici","3 Gen. Cyclocity","","April 2007","","259","2100",""
444,"Spain","Valencia[295]","Valenbisi","3 Gen. Cyclocity","JCDecaux","22 June 2010","","276","2400",""
445,"Spain","Valladolid","Biki","","","","","97","856",""
446,"Spain","Zaragoza","Bizi","3 Gen. Clear CC","","28 May 2008","","130","1000",""
447,"Sweden","Gothenburg[296]","Styr & Ställ","3 Gen. Cyclocity","JCDecaux","10 August 2010","","60","1000",""
448,"Sweden","Lund","Lundahoj","3 Gen. Cyclocity","JCDecaux","20 August 2014","","17","250",""
449,"Sweden","Malmö","Malmö By Bike","3 Gen. Clear CC","","14 May 2016","","50","500",""
450,"Sweden","Stockholm","Stockholm City bikes","3 Gen. Clear CC","","April 2006","","67","1000",""
451,"Switzerland","Aigle, Monthey","PubliBike","PubliBike","","2010","","10","99",""
452,"Switzerland","Bern","PubliBike","PubliBike","","2011","","8","54",""
453,"Switzerland","Freiburg","PubliBike","PubliBike","","2010","","8","94",""
454,"Switzerland","Lausanne","velopass","","","June 2009","April 2013","","",""
455,"Switzerland","Lausanne","PubliBike","PubliBike","","April 2013","","23","251",""
456,"Switzerland","Lugano","PubliBike","PubliBike","","2010","","9","88",""
457,"Switzerland","Luzern","nextbike","3 Gen. nextbike","","2008","","30","280",""
458,"Switzerland","Nyon, Gland","PubliBike","PubliBike","","2011","","13","167",""
459,"Switzerland","Sion","PubliBike","PubliBike","","2010","","7","69",""
460,"Switzerland","Vevey","PubliBike","PubliBike","","2009","","5","41",""
461,"Taiwan","Changhua","MOOVO","","","May 2014","","","",""
462,"Taiwan","Kaohsiung","YouBike","2.0","","","","1200","",""
463,"Taiwan","Taipei[297][298]","YouBike","2.0","","November 2009","","1252","",""
464,"Taiwan","New Taipei","YouBike","1.0 & 2.0","","","","1754","",""
465,"Taiwan","Taoyuan","YouBike","1.0","","","","407","",""
466,"Taiwan","Hsinchu County","YouBike","2.0","","","","51","",""
467,"Taiwan","Hsinchu City","YouBike","1.0 & 2.0","","","","118","",""
468,"Taiwan","Hsinchu Science Park","YouBike","1.0 & 2.0","","","","30","",""
469,"Taiwan","Miaoli","YouBike","1.0 & 2.0","","","","76","",""
470,"Taiwan","Taichung","YouBike","1.0 & 2.0","","","","1588","",""
471,"Taiwan","Chiayi","YouBike","2.0","","","","145","",""
472,"Taiwan","Tainan","YouBike","2.0","","","","77","",""
473,"Taiwan","Pingtung","YouBike","2.0","","","","42","",""
474,"Thailand","Bangkok","KU Mobike","Mobike","","2017","","","",""
475,"Thailand","Bangkok","oBike","4 Gen. oBike","","July 2017","","","",""
476,"Thailand","Bangkok","CU Bike","Smoove","","2012[299]","","5","125",""
477,"Thailand","Bangkok","Pun Pun Bike Share","","","2012[300][301]","","50","500",""
478,"Thailand","Chiang Mai","Mobike","Mobike","","2018","","","",""
479,"Turkey","Izmir","Bisim","","","January 2014","","29","",""
480,"Turkey","Karşıyaka","Karbis","3 Gen. nextbike","","January 2014","","6","",""
481,"Turkey","Konya","nextbike","3 Gen. nextbike","","","","40","",""
482,"Ukraine","Kyiv","nextbike","3 Gen. nextbike","nextbike Kyiv LLC","15 August 2018[302]","","33","100",""
483,"Ukraine","Lviv","nextbike","3 Gen. nextbike","nextbike Ukraine LLC","31 March 2016[303]","","24","140",""
484,"United Kingdom","Barton-upon-Humber, England","Factory Bikes","WhiteBikes","Elswick Hopper","19??","19??","","",""
485,"United Kingdom","Belfast, Northern Ireland","Coca-Cola Zero Belfast Bikes","3 Gen. nextbike","NSL","27 April 2015","","30","300",""
486,"United Kingdom","Blackpool, England[304]","Hire-a-Bike","Hourbike","","2009","","60","400",""
487,"United Kingdom","Bristol, England","YoBike","YoBike","","May 2017","","","",""
488,"United Kingdom","Cambridge, England","GreenBike","WhiteBikes","","1993","1995","","300",""
489,"United Kingdom","Cardiff, Wales","Nextbike","3 Gen. nextbike","","March 2018","December 2023","","",""
490,"United Kingdom","Derby","lime bikes","","","","","","",""
491,"United Kingdom","Dundee, Scotland","Embark Dundee","","RideOn","","","","20",""
492,"United Kingdom","Glasgow, Scotland","Mass Automated Cycle Hire (MACH)","3 Gen. nextbike","","24 June 2014","","31","400[305]",""
493,"United Kingdom","Greater Manchester, England","GM Cycle Hire","","Beryl","November 2021[306]","","200","1500[307]",""
494,"United Kingdom","Edinburgh, Scotland","Just Eat Cycles","Urban Sharing","Serco","24 June 2018","","50+","500[308]","700[308]"
495,"United Kingdom","Liverpool, England","City Bike","","","May 2014","","130","1000[309]",""
496,"United Kingdom","London, England[310][311]","Santander Cycles (formerly Barclays Cycle Hire)","PBSC & 8D","Serco","30 July 2010","","839","13600",""
497,"United Kingdom","Leicester, England","Santander Cycles Leicester","","RideOn","14 April 2021[312]","","38","",""
498,"United Kingdom","Milton Keynes, England","SantanderCyclesMK","3 Gen. nextbike","CycleSaviours","17 June 2016","","42","300",""
499,"United Kingdom","Newcastle, England","ScratchBikes(known as WhipBikes until 2011)","ScratchBikes","","2010","","12","60",""
500,"United Kingdom","Nottingham, England","Ucycle","Sustrans & Evans Cycles","","2010","","0","460",""
501,"United Kingdom","Portsmouth, England","Bikeabout","Public Velo","University of Portsmouth","1996","1998","2","",""
502,"United Kingdom","Slough, England","Smoove","3 Gen. Smoove","","November 2013","","4","60",""
503,"United Kingdom","Southampton, England","YoBike","YoBike","","September 2017","","","",""
504,"United States","Ann Arbor, Michigan[313]","ArborBike","3 Gen. B-Cycle","","2014","","14","125",""
505,"United States","Atlanta","Relay Bike Share","","","May 2016","","65","500",""
506,"United States","Aspen, Colorado","WE-cycle","PBSC","","June 2013","","16","200",""
507,"United States","Austin, Texas[314]","Bike Share of Austin","3 Gen. B-Cycle","","December 2013","","46","375",""
508,"United States","Austin, Texas[314]","Yellow Bike Project","WhiteBikes","Austin YBP and city council","January 1997","","","200",""
509,"United States","Battle Creek, Michigan[315]","Battle Creek BCycle","3 Gen. B-Cycle","","19 August 2013","","3","21",""
510,"United States","Black Rock City, Nevada[316]","Yellow Bikes","Yellow Bikes","","","","","",""
511,"United States","Boise, Idaho[317]","Boise Bike Share","Social Bicycle","","16 April 2015","September 2020[318][319]","15","117",""
512,"United States","Boston[320]","Bluebikes","PBSC & 8D","Motivate","2011","","393","3800","5479"
513,"United States","Boulder, Colorado[321][322]","Boulder B-Cycle","3 Gen. B-Cycle","","2011","","23","120",""
514,"United States","Broward County, Florida","Broward B-Cycle","3 Gen. B-Cycle","","2011","","35","",""
515,"United States","Charlotte, North Carolina[323]","Charlotte B-Cycle","3 Gen. B-Cycle","","2012","","21","200",""
516,"United States","Chattanooga, Tennessee[324]","Bike Chattanooga Bicycle Transit System","PBSC","","2012","","37","334",""
517,"United States","Chicago[325][326]","Divvy","PBSC & 8D","Motivate","2013","","576","5837","13000"
518,"United States","Cincinnati, Ohio[327]","Red Bike","3 Gen. B-Cycle","","15 September 2014","","50","",""
519,"United States","Columbia, South Carolina","BlueBikeSC","","Bbewege","September 2018","","18","135",""
520,"United States","Columbus, Ohio","CoGo","PBSC & 8D","Motivate","July 2013","","41","335",""
521,"United States","Denver[328]","Denver B-cycle","3 Gen. B-Cycle","","2010","January 2020","89","737",""
522,"United States","Des Moines, Iowa[329][330]","Des Moines B-cycle","3 Gen. B-Cycle","","2010","","4","18",""
523,"United States","El Paso, Texas[331]","El Paso BCycle","3 Gen. B-Cycle","","14 September 2015","","8","80",""
524,"United States","Eugene, Oregon[332]","PeaceHealth Rides","PeaceHealth Rides","","2018","","36","300",""
525,"United States","Fairbanks, Alaska","Fairbikes","A2B Bikeshare","","24 September 2015","","","",""
526,"United States","Fargo, North Dakota[333][334]","GreatRides","3 Gen. B-Cycle","","15 March 2010","","11","101",""
527,"United States","Fort Worth, Texas[335]","Fort Worth B-Cycle","3 Gen. B-Cycle","","22 April 2013","","32","300",""
528,"United States","Fullerton, California","OCTA BikeShare","Bike Nation","","6 January 2014","","10","75",""
529,"United States","Hoboken, New Jersey[336]","Hudson Bike Share","3 Gen. nextbike","","September 2015","","29","250",""
530,"United States","Houston[337][338]","Houston B-cycle","3 Gen. B-Cycle","","2012","","126[339]","1000",""
531,"United States","Indianapolis[340]","Indiana Pacers Bikeshare","B-Cycle","Indianapolis Cultural Trail","22 April 2014","","50","525",""
532,"United States","Jersey City, New Jersey[341]","Citi Bike","8D","Motivate","September 2015","","50","500",""
533,"United States","Kailua, Hawaii[342][343]","Hawaii B-cycle","3 Gen. B-Cycle","","2011","","2","12",""
534,"United States","Kansas City, Missouri[344]","Kansas City B-cycle","3 Gen. B-Cycle","","2012","","30","300",""
535,"United States","Kona District, Hawaii","","PBSC","","2016","","3","30",""
536,"United States","Lansing, Michigan","Capital Community Bikeshare","A2B Bikeshare","","2014","","8","20","Closed[345]"
537,"United States","Lincoln, Nebraska[346]","BikeLNK","3 Gen. B-Cycle","","2018","","19","100",""
538,"United States","Los Angeles","Metro Bike Share","3 Gen. B-Cycle","","7 July 2016","","207","1700",""
539,"United States","Madison, Wisconsin[347]","Madison B-Cycle","3 Gen. B-Cycle","","2011","","39","350",""
540,"United States","Meridian, Colorado","M-Bike","Zagster","","15 March 2010","","11","",""
541,"United States","Miami Beach, Florida[348]","Decobike","SandVault","","2011","","100","1000",""
542,"United States","Milwaukee[349][350]","Bublr Bikes","3 Gen. B-Cycle","","2014","","87","400+",""
543,"United States","Minneapolis–Saint Paul[351][352]","Nice Ride Minnesota","PBSC & 8D","","2010","13 November 2022[353]","171","1833",""
544,"United States","New York City[354][355][356][357][358]","Citi Bike","PBSC & 8D","Motivate","27 May 2013","","739","20000","65000"
545,"United States","Oklahoma City[359]","Spokies","Spokies","","2012","","7","100",""
546,"United States","Omaha, Nebraska[360]","Omaha B-Cycle","3 Gen. B-Cycle","","2011","","5","35",""
547,"United States","Philadelphia[361][362]","Indego","3 Gen. B-Cycle (incl. some e-bikes","","23 April 2015","","125","1400",""
548,"United States","Phoenix, Arizona","Grid Bike Share","3 Gen. CycleHop and Social Bicycles","","25 November 2014","","40","500",""
549,"United States","Pittsburgh","POGOH","PBSC","","2022","","60","600",""
550,"United States","Portland, Oregon","Biketown","","","19 July 2016","","100","1000",""
551,"United States","Portland, Oregon","Yellow Bike Project","1 Gen. WhiteBikes","Yellow Bike Project","1994[363]","1997[364]","","1000",""
552,"United States","Salt Lake City[365]","SLC Bike Share","3 Gen. B-Cycle","","2013","","12","100",""
553,"United States","San Antonio[366]","San Antonio B-Cycle","3 Gen. B-Cycle","","2011","","68","600",""
554,"United States","San Diego[367]","DecoBike","DecoBike","JCDecaux","February 2015","","180","1800",""
555,"United States","San Francisco Bay Area",NA,NA,NA,NA,NA,NA,NA,NA
556,"United States","San Francisco Bay Area","Bay Wheels","8D","Motivate","June 2017","","550","7000",""
557,"United States","Santa Monica, California[368]","Breeze Bike Share","3 Gen. CycleHop and Social Bicycles","","13 August 2015","","80","500",""
558,"United States","Savannah, Georgia[369]","CAT Bike","3 Gen. B-Cycle","","24 January 2014","","2","16",""
559,"United States","Seattle[370]","Pronto Cycle Share","8D","Motivate","13 October 2014","31 March 2017","50","500",""
560,"United States","Spartanburg, South Carolina[371]","Spartanburg B-Cycle","3 Gen. B-Cycle","","2011","","5","40",""
561,"United States","St. Paul","Yellow Bike Project","1 Gen. w/ BikeCard","volunteers and city council","1997","","","",""
562,"United States","Springfield, Massachusetts and Pioneer Valley","ValleyBike Share","","Begwegen Technologies[372]","June 28, 2018[373]","","61[374]","","457 (May 2022)[375]"
563,"United States","Tampa, Florida[376]","Coast Bike Share","3 Gen. CycleHop and Social Bicycles","","7 December 2014","","30","300",""
564,"United States","Washington metropolitan area[377]","Capital Bikeshare","PBSC & 8D","Motivate","2010","","658","5,400","15,000[378]"
